Game Code,Date,Visit Team Code,Home Team Code,Stadium Code,Site
8.60164E+13,9/1/2005,86,164,25,TEAM
1.28065E+14,9/1/2005,128,648,113,TEAM
2.04014E+14,9/1/2005,204,140,97,TEAM
2.95075E+14,9/1/2005,295,754,138,TEAM
4.28072E+14,9/1/2005,428,719,105,TEAM
5.0805E+14,9/1/2005,508,498,57,TEAM
5.29029E+14,9/1/2005,529,288,126,TEAM
6.90003E+14,9/1/2005,690,28,10,TEAM
7.36075E+14,9/1/2005,736,749,83,TEAM
7.71071E+14,9/1/2005,771,709,102,TEAM
7.86039E+14,9/1/2005,786,388,142,TEAM
2.90732E+13,9/2/2005,29,732,135,TEAM
3.06013E+14,9/2/2005,306,129,70,TEAM
9.06942E+12,9/3/2005,9,694,114,TEAM
4.70312E+13,9/3/2005,47,312,41,TEAM
5.10663E+13,9/3/2005,51,663,122,TEAM
6.60257E+13,9/3/2005,66,257,36,TEAM
6.70077E+13,9/3/2005,67,77,134,TEAM
7.10796E+13,9/3/2005,71,796,141,TEAM
9.00716E+13,9/3/2005,90,716,4,TEAM
1.02011E+14,9/3/2005,102,107,12,TEAM
1.10063E+14,9/3/2005,110,626,16,TEAM
1.56016E+14,9/3/2005,156,157,20,TEAM
1.9302E+14,9/3/2005,193,196,81,TEAM
2.07063E+14,9/3/2005,207,630,18,TEAM
2.29033E+14,9/3/2005,229,328,51,TEAM
2.31033E+14,9/3/2005,231,327,52,TEAM
2.55004E+14,9/3/2005,255,37,1,TEAM
2.99031E+14,9/3/2005,299,311,40,TEAM
3.31042E+14,9/3/2005,331,416,68,TEAM
3.80046E+14,9/3/2005,380,463,84,TEAM
3.92073E+14,9/3/2005,392,726,63,NEUTRAL
4.14052E+14,9/3/2005,414,518,99,TEAM
4.19001E+14,9/3/2005,419,8,5,TEAM
4.34003E+14,9/3/2005,434,30,74,TEAM
4.40052E+14,9/3/2005,440,521,104,TEAM
4.54043E+14,9/3/2005,454,430,77,TEAM
5.03042E+14,9/3/2005,503,418,66,TEAM
5.13055E+14,9/3/2005,513,545,110,TEAM
5.19051E+14,9/3/2005,519,509,46,TEAM
5.50053E+14,9/3/2005,550,528,107,TEAM
5.8703E+14,9/3/2005,587,301,44,TEAM
6.51054E+14,9/3/2005,651,539,111,TEAM
6.57028E+14,9/3/2005,657,277,39,TEAM
6.69003E+14,9/3/2005,669,31,6,TEAM
6.7107E+14,9/3/2005,671,703,119,TEAM
6.97015E+14,9/3/2005,697,147,112,TEAM
6.98052E+14,9/3/2005,698,522,103,TEAM
7.04047E+14,9/3/2005,704,472,88,TEAM
7.56072E+14,9/3/2005,756,721,140,NEUTRAL
7.74075E+14,9/3/2005,774,746,137,TEAM
8.11024E+14,9/3/2005,811,235,27,TEAM
3.67033E+14,9/4/2005,367,334,53,TEAM
7.42049E+14,9/4/2005,742,490,82,TEAM
7.68069E+14,9/4/2005,768,688,92,TEAM
4.15023E+14,9/5/2005,415,234,33,TEAM
4.3304E+14,9/5/2005,433,404,115,TEAM
4.65047E+14,9/5/2005,465,473,87,TEAM
5.21023E+14,9/8/2005,521,229,30,TEAM
5.45052E+14,9/9/2005,545,519,95,TEAM
7.54047E+14,9/9/2005,754,466,90,TEAM
5.05592E+12,9/10/2005,5,559,50,TEAM
9.07162E+12,9/10/2005,9,716,4,TEAM
2.70328E+13,9/10/2005,27,328,51,TEAM
6.60528E+13,9/10/2005,66,528,107,TEAM
7.10047E+13,9/10/2005,71,47,48,TEAM
8.60688E+13,9/10/2005,86,688,92,TEAM
1.07076E+14,9/10/2005,107,756,139,TEAM
1.29041E+14,9/10/2005,129,414,101,TEAM
1.40054E+14,9/10/2005,140,539,111,TEAM
1.41023E+14,9/10/2005,141,234,33,TEAM
1.47039E+14,9/10/2005,147,392,64,TEAM
1.56043E+14,9/10/2005,156,428,72,TEAM
2.01008E+14,9/10/2005,201,77,134,TEAM
2.28065E+14,9/10/2005,228,651,35,TEAM
2.3107E+14,9/10/2005,231,700,129,TEAM
2.77042E+14,9/10/2005,277,416,68,TEAM
2.94033E+14,9/10/2005,294,334,53,TEAM
2.95047E+14,9/10/2005,295,465,89,TEAM
3.12031E+14,9/10/2005,312,311,40,TEAM
3.27039E+14,9/10/2005,327,388,142,TEAM
3.55016E+14,9/10/2005,355,164,25,TEAM
3.65003E+14,9/10/2005,365,28,10,TEAM
3.66024E+14,9/10/2005,366,235,27,TEAM
4.30004E+14,9/10/2005,430,37,1,TEAM
4.41053E+14,9/10/2005,441,529,108,TEAM
4.57026E+14,9/10/2005,457,255,37,TEAM
4.72016E+14,9/10/2005,472,157,20,TEAM
4.73043E+14,9/10/2005,473,434,73,TEAM
4.83031E+14,9/10/2005,483,306,47,TEAM
4.97042E+14,9/10/2005,497,419,116,TEAM
4.98081E+14,9/10/2005,498,811,144,TEAM
5.01003E+14,9/10/2005,501,29,11,TEAM
5.03051E+14,9/10/2005,503,509,46,TEAM
5.13042E+14,9/10/2005,513,418,66,TEAM
5.74011E+14,9/10/2005,574,110,15,TEAM
6.24029E+14,9/10/2005,624,288,126,TEAM
6.25005E+14,9/10/2005,625,51,132,TEAM
6.26072E+14,9/10/2005,626,721,21,TEAM
6.3003E+14,9/10/2005,630,301,44,TEAM
6.48026E+14,9/10/2005,648,257,36,TEAM
6.54033E+14,9/10/2005,654,331,100,TEAM
6.64001E+14,9/10/2005,664,8,5,TEAM
6.7102E+14,9/10/2005,671,204,71,TEAM
6.74073E+14,9/10/2005,674,726,62,TEAM
6.9008E+14,9/10/2005,690,796,141,TEAM
6.95003E+14,9/10/2005,695,30,7,TEAM
6.98066E+14,9/10/2005,698,663,122,TEAM
7.03052E+14,9/10/2005,703,518,99,TEAM
7.19052E+14,9/10/2005,719,522,103,TEAM
7.25007E+14,9/10/2005,725,67,61,TEAM
7.31073E+14,9/10/2005,731,732,135,TEAM
7.36003E+14,9/10/2005,736,31,6,TEAM
7.39059E+14,9/10/2005,739,587,86,TEAM
7.42019E+14,9/10/2005,742,193,80,TEAM
7.49046E+14,9/10/2005,749,463,84,TEAM
7.5801E+14,9/10/2005,758,96,13,TEAM
7.74071E+14,9/10/2005,774,709,102,TEAM
2.91508E+15,9/10/2005,2915,768,143,TEAM
7.3207E+14,9/15/2005,732,698,125,TEAM
2.8807E+14,9/16/2005,288,704,124,TEAM
5.04192E+12,9/17/2005,5,419,116,TEAM
8.06482E+12,9/17/2005,8,648,113,TEAM
3.00521E+13,9/17/2005,30,521,104,TEAM
3.10657E+13,9/17/2005,31,657,14,TEAM
4.70037E+13,9/17/2005,47,37,1,TEAM
5.10725E+13,9/17/2005,51,725,93,TEAM
9.60529E+13,9/17/2005,96,529,108,TEAM
1.08067E+14,9/17/2005,108,674,19,TEAM
1.28065E+14,9/17/2005,128,651,35,TEAM
1.29054E+14,9/17/2005,129,539,111,TEAM
1.64026E+14,9/17/2005,164,255,37,TEAM
1.96075E+14,9/17/2005,196,749,83,TEAM
2.02049E+14,9/17/2005,202,490,82,TEAM
2.04042E+14,9/17/2005,204,418,66,TEAM
2.29043E+14,9/17/2005,229,428,72,TEAM
2.34007E+14,9/17/2005,234,67,61,TEAM
2.61075E+14,9/17/2005,261,754,140,NEUTRAL
2.95076E+14,9/17/2005,295,756,139,TEAM
3.01011E+14,9/17/2005,301,107,12,TEAM
3.15001E+14,9/17/2005,315,9,2,TEAM
3.34031E+14,9/17/2005,334,306,47,TEAM
3.66033E+14,9/17/2005,366,328,51,TEAM
4.02066E+14,9/17/2005,402,664,75,TEAM
4.14033E+14,9/17/2005,414,331,100,TEAM
4.15015E+14,9/17/2005,415,147,112,TEAM
4.16051E+14,9/17/2005,416,513,49,TEAM
4.30072E+14,9/17/2005,430,718,60,TEAM
4.33074E+14,9/17/2005,433,736,117,TEAM
4.65047E+14,9/17/2005,465,466,90,TEAM
4.72047E+14,9/17/2005,472,473,87,TEAM
4.98026E+14,9/17/2005,498,257,36,TEAM
5.04031E+14,9/17/2005,504,312,41,TEAM
5.08067E+14,9/17/2005,508,671,56,TEAM
5.09003E+14,9/17/2005,509,28,10,TEAM
5.19074E+14,9/17/2005,519,742,136,TEAM
5.22011E+14,9/17/2005,522,110,15,TEAM
5.28037E+14,9/17/2005,528,367,54,TEAM
5.45046E+14,9/17/2005,545,463,84,TEAM
5.59003E+14,9/17/2005,559,29,11,TEAM
5.7407E+14,9/17/2005,574,703,119,TEAM
5.87009E+14,9/17/2005,587,86,91,TEAM
6.2407E+14,9/17/2005,624,700,129,TEAM
6.26052E+14,9/17/2005,626,518,99,TEAM
6.59077E+14,9/17/2005,659,774,69,TEAM
6.6307E+14,9/17/2005,663,697,120,TEAM
6.9205E+14,9/17/2005,692,503,45,TEAM
6.9304E+14,9/17/2005,693,404,115,TEAM
6.94024E+14,9/17/2005,694,235,27,TEAM
7.09069E+14,9/17/2005,709,690,109,TEAM
7.16043E+14,9/17/2005,716,434,73,TEAM
7.1905E+14,9/17/2005,719,497,123,TEAM
7.41019E+14,9/17/2005,741,193,80,TEAM
7.46069E+14,9/17/2005,746,688,92,TEAM
7.68039E+14,9/17/2005,768,392,64,TEAM
7.69014E+14,9/17/2005,769,140,97,TEAM
7.96046E+14,9/17/2005,796,457,78,TEAM
8.11072E+14,9/17/2005,811,721,21,TEAM
7.10066E+13,9/21/2005,71,66,42,TEAM
4.98023E+14,9/22/2005,498,229,26,TEAM
6.7007E+14,9/22/2005,670,697,120,TEAM
7.21073E+14,9/22/2005,721,732,135,TEAM
1.07047E+14,9/23/2005,107,472,88,TEAM
3.11073E+14,9/23/2005,311,725,93,TEAM
2.80528E+13,9/24/2005,28,528,107,TEAM
3.10008E+13,9/24/2005,31,8,5,TEAM
6.70147E+13,9/24/2005,67,147,112,TEAM
1.57042E+14,9/24/2005,157,415,29,TEAM
1.93075E+14,9/24/2005,193,746,137,TEAM
1.96077E+14,9/24/2005,196,768,143,TEAM
2.04013E+14,9/24/2005,204,129,70,TEAM
2.31003E+14,9/24/2005,231,30,7,TEAM
2.35033E+14,9/24/2005,235,334,53,TEAM
2.55074E+14,9/24/2005,255,742,136,TEAM
2.57043E+14,9/24/2005,257,430,77,TEAM
2.7703E+14,9/24/2005,277,295,43,TEAM
3.0507E+14,9/24/2005,305,700,129,TEAM
3.12052E+14,9/24/2005,312,518,99,TEAM
3.31052E+14,9/24/2005,331,519,95,TEAM
3.67065E+14,9/24/2005,367,651,35,TEAM
3.88013E+14,9/24/2005,388,128,32,TEAM
3.92075E+14,9/24/2005,392,749,83,TEAM
4.04072E+14,9/24/2005,404,719,105,TEAM
4.1603E+14,9/24/2005,416,301,44,TEAM
4.1808E+14,9/24/2005,418,796,141,TEAM
4.57049E+14,9/24/2005,457,490,82,TEAM
4.65073E+14,9/24/2005,465,731,133,TEAM
4.66016E+14,9/24/2005,466,156,23,TEAM
4.7307E+14,9/24/2005,473,704,124,TEAM
4.97033E+14,9/24/2005,497,327,52,TEAM
5.03001E+14,9/24/2005,503,5,94,TEAM
5.13076E+14,9/24/2005,513,756,139,TEAM
5.39051E+14,9/24/2005,539,509,46,TEAM
5.59043E+14,9/24/2005,559,428,72,TEAM
5.75074E+14,9/24/2005,575,736,117,TEAM
6.30063E+14,9/24/2005,630,626,16,TEAM
6.57053E+14,9/24/2005,657,529,108,TEAM
6.98008E+14,9/24/2005,698,77,134,TEAM
7.16065E+14,9/24/2005,716,648,113,TEAM
7.18066E+14,9/24/2005,718,663,122,TEAM
7.72004E+14,9/24/2005,772,37,1,TEAM
7.74069E+14,9/24/2005,774,690,109,TEAM
8.11043E+14,9/24/2005,811,433,76,TEAM
8.17055E+14,9/24/2005,817,545,110,TEAM
6.94037E+14,9/26/2005,694,365,55,TEAM
7.0901E+14,9/27/2005,709,96,13,TEAM
1.40041E+14,9/28/2005,140,414,101,TEAM
7.21016E+14,9/29/2005,721,156,23,TEAM
5.45059E+14,9/30/2005,545,587,86,TEAM
2.90107E+13,10/1/2005,29,107,12,TEAM
3.00498E+13,10/1/2005,30,498,57,TEAM
4.70067E+13,10/1/2005,47,67,61,TEAM
5.10697E+13,10/1/2005,51,697,120,TEAM
6.60277E+13,10/1/2005,66,277,39,TEAM
7.70626E+13,10/1/2005,77,626,16,TEAM
8.60774E+13,10/1/2005,86,774,69,TEAM
1.28067E+14,10/1/2005,128,671,56,TEAM
1.29001E+14,10/1/2005,129,5,94,TEAM
1.47075E+14,10/1/2005,147,749,83,TEAM
1.57052E+14,10/1/2005,157,521,104,TEAM
1.64073E+14,10/1/2005,164,725,93,TEAM
2.28023E+14,10/1/2005,228,231,31,TEAM
2.29037E+14,10/1/2005,229,367,54,TEAM
2.35001E+14,10/1/2005,235,8,5,TEAM
2.88072E+14,10/1/2005,288,719,105,TEAM
3.01031E+14,10/1/2005,301,312,41,TEAM
3.0608E+14,10/1/2005,306,796,141,TEAM
3.11046E+14,10/1/2005,311,463,84,TEAM
3.27052E+14,10/1/2005,327,522,103,TEAM
3.2807E+14,10/1/2005,328,700,129,TEAM
3.3102E+14,10/1/2005,331,204,71,TEAM
3.65043E+14,10/1/2005,365,430,77,TEAM
4.18042E+14,10/1/2005,418,416,68,TEAM
4.19074E+14,10/1/2005,419,736,117,TEAM
4.28054E+14,10/1/2005,428,539,111,TEAM
4.33069E+14,10/1/2005,433,694,114,TEAM
4.65081E+14,10/1/2005,465,811,144,TEAM
4.66063E+14,10/1/2005,466,630,18,TEAM
4.72037E+14,10/1/2005,472,366,59,TEAM
4.7307E+14,10/1/2005,473,698,125,TEAM
5.13056E+14,10/1/2005,513,559,50,TEAM
5.29067E+14,10/1/2005,529,674,19,TEAM
5.74001E+14,10/1/2005,574,9,2,TEAM
6.48004E+14,10/1/2005,648,37,1,TEAM
6.51042E+14,10/1/2005,651,415,29,TEAM
6.55072E+14,10/1/2005,655,718,55,TEAM
6.57003E+14,10/1/2005,657,28,10,TEAM
6.63039E+14,10/1/2005,663,388,142,TEAM
6.6402E+14,10/1/2005,664,196,81,TEAM
6.88023E+14,10/1/2005,688,234,33,TEAM
6.90007E+14,10/1/2005,690,71,96,TEAM
7.03043E+14,10/1/2005,703,434,73,TEAM
7.0404E+14,10/1/2005,704,404,115,TEAM
7.26019E+14,10/1/2005,726,193,80,TEAM
7.3103E+14,10/1/2005,731,295,43,TEAM
7.32046E+14,10/1/2005,732,457,78,TEAM
7.42077E+14,10/1/2005,742,768,143,TEAM
7.46039E+14,10/1/2005,746,392,64,TEAM
7.54053E+14,10/1/2005,754,528,107,TEAM
7.56011E+14,10/1/2005,756,110,15,TEAM
7.1605E+14,10/4/2005,716,497,123,TEAM
4.1405E+14,10/5/2005,414,503,45,TEAM
2.29067E+14,10/6/2005,229,671,56,TEAM
4.90026E+14,10/6/2005,490,255,37,TEAM
6.88016E+14,10/7/2005,688,164,25,TEAM
5.00862E+12,10/8/2005,5,86,91,TEAM
2.90657E+13,10/8/2005,29,657,14,TEAM
4.70774E+13,10/8/2005,47,774,69,TEAM
5.10311E+13,10/8/2005,51,311,40,TEAM
7.70473E+13,10/8/2005,77,473,87,TEAM
9.60472E+13,10/8/2005,96,472,88,TEAM
1.07011E+14,10/8/2005,107,110,15,TEAM
1.29073E+14,10/8/2005,129,725,93,TEAM
1.40055E+14,10/8/2005,140,545,110,TEAM
1.41043E+14,10/8/2005,141,433,76,TEAM
1.93042E+14,10/8/2005,193,415,29,TEAM
2.04071E+14,10/8/2005,204,709,102,TEAM
2.57069E+14,10/8/2005,257,694,114,TEAM
2.77037E+14,10/8/2005,277,366,59,TEAM
2.88072E+14,10/8/2005,288,718,56,TEAM
2.95047E+14,10/8/2005,295,466,90,TEAM
3.01031E+14,10/8/2005,301,306,47,TEAM
3.12056E+14,10/8/2005,312,559,50,TEAM
3.28033E+14,10/8/2005,328,327,52,TEAM
3.34065E+14,10/8/2005,334,648,113,TEAM
3.65074E+14,10/8/2005,365,736,117,TEAM
3.88074E+14,10/8/2005,388,742,136,TEAM
3.92069E+14,10/8/2005,392,690,109,TEAM
4.04013E+14,10/8/2005,404,128,32,TEAM
4.28042E+14,10/8/2005,428,418,66,TEAM
4.30024E+14,10/8/2005,430,235,27,TEAM
4.34052E+14,10/8/2005,434,521,104,TEAM
4.57037E+14,10/8/2005,457,367,54,TEAM
4.98003E+14,10/8/2005,498,31,8,TEAM
5.18054E+14,10/8/2005,518,539,111,TEAM
5.19007E+14,10/8/2005,519,71,96,TEAM
5.2207E+14,10/8/2005,522,703,121,NEUTRAL
5.29003E+14,10/8/2005,529,28,10,TEAM
5.50007E+14,10/8/2005,550,66,42,TEAM
5.7402E+14,10/8/2005,574,196,81,TEAM
6.26047E+14,10/8/2005,626,465,89,TEAM
6.30073E+14,10/8/2005,630,731,133,TEAM
6.63001E+14,10/8/2005,663,9,2,TEAM
6.74075E+14,10/8/2005,674,754,138,TEAM
6.97016E+14,10/8/2005,697,157,20,TEAM
6.98081E+14,10/8/2005,698,811,144,TEAM
7.00046E+14,10/8/2005,700,463,84,TEAM
7.19066E+14,10/8/2005,719,664,75,TEAM
7.21073E+14,10/8/2005,721,726,62,TEAM
7.32016E+14,10/8/2005,732,156,23,TEAM
7.46007E+14,10/8/2005,746,67,61,TEAM
7.49023E+14,10/8/2005,749,234,33,TEAM
7.68059E+14,10/8/2005,768,587,86,TEAM
7.96051E+14,10/8/2005,796,509,46,TEAM
1.47049E+14,10/13/2005,147,490,82,TEAM
6.71003E+14,10/13/2005,671,30,7,TEAM
7.04072E+14,10/14/2005,704,718,59,TEAM
5.04142E+12,10/15/2005,5,414,101,TEAM
8.04332E+12,10/15/2005,8,433,76,TEAM
9.03882E+12,10/15/2005,9,388,142,TEAM
3.70031E+13,10/15/2005,37,31,6,TEAM
7.10086E+13,10/15/2005,71,86,91,TEAM
1.10075E+14,10/15/2005,110,754,138,TEAM
1.28066E+14,10/15/2005,128,664,75,TEAM
1.56008E+14,10/15/2005,156,77,134,TEAM
1.5707E+14,10/15/2005,157,703,119,TEAM
1.64014E+14,10/15/2005,164,140,97,TEAM
1.96066E+14,10/15/2005,196,663,122,TEAM
2.0405E+14,10/15/2005,204,503,45,TEAM
2.34075E+14,10/15/2005,234,746,137,TEAM
2.35037E+14,10/15/2005,235,365,55,TEAM
2.55019E+14,10/15/2005,255,193,80,TEAM
2.57074E+14,10/15/2005,257,736,117,TEAM
3.06031E+14,10/15/2005,306,312,41,TEAM
3.11043E+14,10/15/2005,311,434,73,TEAM
3.2707E+14,10/15/2005,327,700,129,TEAM
3.31073E+14,10/15/2005,331,726,62,TEAM
3.66047E+14,10/15/2005,366,466,90,TEAM
3.67077E+14,10/15/2005,367,768,143,TEAM
4.04029E+14,10/15/2005,404,288,126,TEAM
4.15069E+14,10/15/2005,415,690,109,TEAM
4.16052E+14,10/15/2005,416,518,99,TEAM
4.19023E+14,10/15/2005,419,229,26,TEAM
4.63005E+14,10/15/2005,463,51,132,TEAM
4.65072E+14,10/15/2005,465,721,21,TEAM
4.72028E+14,10/15/2005,472,277,39,TEAM
4.73081E+14,10/15/2005,473,811,144,TEAM
4.97023E+14,10/15/2005,497,231,31,TEAM
5.09056E+14,10/15/2005,509,559,50,TEAM
5.19013E+14,10/15/2005,519,129,70,TEAM
5.2107E+14,10/15/2005,521,697,120,TEAM
5.22033E+14,10/15/2005,522,328,74,NEUTRAL
5.28011E+14,10/15/2005,528,107,12,TEAM
5.39042E+14,10/15/2005,539,418,66,TEAM
5.87069E+14,10/15/2005,587,688,92,TEAM
6.26073E+14,10/15/2005,626,732,135,TEAM
6.30007E+14,10/15/2005,630,66,42,TEAM
6.51055E+14,10/15/2005,651,545,110,TEAM
6.57051E+14,10/15/2005,657,513,49,TEAM
6.74003E+14,10/15/2005,674,29,11,TEAM
7.09005E+14,10/15/2005,709,47,48,TEAM
7.1605E+14,10/15/2005,716,498,57,TEAM
7.19057E+14,10/15/2005,719,574,127,TEAM
7.2507E+14,10/15/2005,725,698,125,TEAM
7.3101E+14,10/15/2005,731,96,13,TEAM
7.49007E+14,10/15/2005,749,67,61,TEAM
7.56053E+14,10/15/2005,756,529,108,TEAM
7.96043E+14,10/15/2005,796,428,72,TEAM
2.31072E+14,10/20/2005,231,716,4,TEAM
7.42039E+14,10/20/2005,742,392,64,TEAM
6.64001E+14,10/21/2005,664,9,2,TEAM
7.18013E+14,10/21/2005,718,128,32,TEAM
2.80674E+13,10/22/2005,28,674,19,TEAM
3.10257E+13,10/22/2005,31,257,36,TEAM
3.70365E+13,10/22/2005,37,365,55,TEAM
4.70519E+13,10/22/2005,47,519,95,TEAM
5.10522E+13,10/22/2005,51,522,103,TEAM
6.60731E+13,10/22/2005,66,731,133,TEAM
7.70513E+13,10/22/2005,77,513,49,TEAM
8.60709E+13,10/22/2005,86,709,102,TEAM
9.60295E+13,10/22/2005,96,295,43,TEAM
1.9604E+14,10/22/2005,196,404,115,TEAM
2.29003E+14,10/22/2005,229,30,7,TEAM
2.34019E+14,10/22/2005,234,193,80,TEAM
2.77063E+14,10/22/2005,277,630,18,TEAM
2.88043E+14,10/22/2005,288,430,77,TEAM
3.28016E+14,10/22/2005,328,157,20,TEAM
3.34043E+14,10/22/2005,334,433,76,TEAM
3.67014E+14,10/22/2005,367,140,97,TEAM
3.8807E+14,10/22/2005,388,704,124,TEAM
4.1402E+14,10/22/2005,414,204,71,TEAM
4.18031E+14,10/22/2005,418,312,41,TEAM
4.63043E+14,10/22/2005,463,434,73,TEAM
4.73063E+14,10/22/2005,473,626,16,TEAM
4.90075E+14,10/22/2005,490,749,83,TEAM
4.97037E+14,10/22/2005,497,366,59,TEAM
5.03033E+14,10/22/2005,503,331,100,TEAM
5.09042E+14,10/22/2005,509,416,68,TEAM
5.18031E+14,10/22/2005,518,306,47,TEAM
5.21031E+14,10/22/2005,521,311,40,TEAM
5.28011E+14,10/22/2005,528,110,15,TEAM
5.29003E+14,10/22/2005,529,29,11,TEAM
5.3903E+14,10/22/2005,539,301,44,TEAM
5.5908E+14,10/22/2005,559,796,141,TEAM
5.87016E+14,10/22/2005,587,164,25,TEAM
6.57076E+14,10/22/2005,657,756,139,TEAM
6.63072E+14,10/22/2005,663,719,105,TEAM
6.71042E+14,10/22/2005,671,419,116,TEAM
6.88055E+14,10/22/2005,688,545,110,TEAM
6.90015E+14,10/22/2005,690,147,112,TEAM
6.94001E+14,10/22/2005,694,8,5,TEAM
6.97033E+14,10/22/2005,697,327,52,TEAM
6.98072E+14,10/22/2005,698,721,21,TEAM
7.0007E+14,10/22/2005,700,703,119,TEAM
7.25001E+14,10/22/2005,725,5,94,TEAM
7.26057E+14,10/22/2005,726,574,127,TEAM
7.32047E+14,10/22/2005,732,465,89,TEAM
7.36065E+14,10/22/2005,736,648,113,TEAM
7.46046E+14,10/22/2005,746,457,78,TEAM
7.54011E+14,10/22/2005,754,107,12,TEAM
7.74007E+14,10/22/2005,774,71,96,TEAM
8.11016E+14,10/22/2005,811,156,23,TEAM
6.70742E+13,10/27/2005,67,742,136,TEAM
1.56047E+14,10/28/2005,156,473,87,TEAM
5.00712E+12,10/29/2005,5,71,96,TEAM
2.90528E+13,10/29/2005,29,528,107,TEAM
4.70503E+13,10/29/2005,47,503,45,TEAM
9.60277E+13,10/29/2005,96,277,39,TEAM
1.10067E+14,10/29/2005,110,674,19,TEAM
1.2802E+14,10/29/2005,128,196,81,TEAM
1.40069E+14,10/29/2005,140,688,92,TEAM
1.47026E+14,10/29/2005,147,255,37,TEAM
1.57033E+14,10/29/2005,157,327,52,TEAM
2.57024E+14,10/29/2005,257,235,28,NEUTRAL
2.95047E+14,10/29/2005,295,472,88,TEAM
3.06042E+14,10/29/2005,306,416,68,TEAM
3.1107E+14,10/29/2005,311,697,120,TEAM
3.31077E+14,10/29/2005,331,774,69,TEAM
3.88072E+14,10/29/2005,388,718,3,TEAM
3.92023E+14,10/29/2005,392,234,33,TEAM
4.14069E+14,10/29/2005,414,690,109,TEAM
4.18051E+14,10/29/2005,418,509,46,TEAM
4.30033E+14,10/29/2005,430,334,53,TEAM
4.33004E+14,10/29/2005,433,37,1,TEAM
4.34033E+14,10/29/2005,434,328,51,TEAM
4.57042E+14,10/29/2005,457,415,29,TEAM
4.66007E+14,10/29/2005,466,66,42,TEAM
4.97037E+14,10/29/2005,497,365,55,TEAM
5.18043E+14,10/29/2005,518,428,72,TEAM
5.19009E+14,10/29/2005,519,86,91,TEAM
5.22046E+14,10/29/2005,522,463,84,TEAM
5.59054E+14,10/29/2005,559,539,111,TEAM
6.30037E+14,10/29/2005,630,366,59,TEAM
6.48069E+14,10/29/2005,648,694,114,TEAM
6.64049E+14,10/29/2005,664,490,82,TEAM
6.98063E+14,10/29/2005,698,626,16,TEAM
7.00005E+14,10/29/2005,700,51,132,TEAM
7.03052E+14,10/29/2005,703,521,104,TEAM
7.04057E+14,10/29/2005,704,574,127,TEAM
7.09013E+14,10/29/2005,709,129,70,TEAM
7.16067E+14,10/29/2005,716,671,56,TEAM
7.21008E+14,10/29/2005,721,77,134,TEAM
7.26059E+14,10/29/2005,726,587,86,TEAM
7.31001E+14,10/29/2005,731,8,5,TEAM
7.49019E+14,10/29/2005,749,193,80,TEAM
7.54066E+14,10/29/2005,754,657,14,TEAM
7.56003E+14,10/29/2005,756,28,10,TEAM
7.9603E+14,10/29/2005,796,301,44,TEAM
9.04042E+12,11/1/2005,9,404,115,TEAM
1.64077E+14,11/2/2005,164,768,143,TEAM
5.45037E+14,11/3/2005,545,367,54,TEAM
7.09052E+14,11/4/2005,709,519,95,TEAM
5.00472E+12,11/5/2005,5,47,48,TEAM
8.04302E+12,11/5/2005,8,430,77,TEAM
2.70365E+13,11/5/2005,27,365,55,TEAM
2.80754E+13,11/5/2005,28,754,138,TEAM
3.00419E+13,11/5/2005,30,419,116,TEAM
3.70334E+13,11/5/2005,37,334,53,TEAM
6.70457E+13,11/5/2005,67,457,78,TEAM
7.10331E+13,11/5/2005,71,331,100,TEAM
7.70465E+13,11/5/2005,77,465,89,TEAM
8.60414E+13,11/5/2005,86,414,101,TEAM
1.07053E+14,11/5/2005,107,529,108,TEAM
1.10003E+14,11/5/2005,110,29,11,TEAM
1.5607E+14,11/5/2005,156,698,125,TEAM
1.93015E+14,11/5/2005,193,147,112,TEAM
2.29072E+14,11/5/2005,229,716,4,TEAM
2.3105E+14,11/5/2005,231,498,57,TEAM
2.77047E+14,11/5/2005,277,466,90,TEAM
2.88013E+14,11/5/2005,288,128,32,TEAM
3.01052E+14,11/5/2005,301,518,99,TEAM
3.12051E+14,11/5/2005,312,509,46,TEAM
3.27031E+14,11/5/2005,327,311,40,TEAM
3.66073E+14,11/5/2005,366,731,133,TEAM
4.15074E+14,11/5/2005,415,742,136,TEAM
4.16056E+14,11/5/2005,416,559,50,TEAM
4.28031E+14,11/5/2005,428,306,47,TEAM
4.34016E+14,11/5/2005,434,157,20,TEAM
4.63033E+14,11/5/2005,463,328,51,TEAM
4.72007E+14,11/5/2005,472,66,42,TEAM
4.90023E+14,11/5/2005,490,234,33,TEAM
5.03013E+14,11/5/2005,503,129,70,TEAM
5.28076E+14,11/5/2005,528,756,139,TEAM
5.74066E+14,11/5/2005,574,663,122,TEAM
6.3001E+14,11/5/2005,630,96,13,TEAM
6.48003E+14,11/5/2005,648,31,6,TEAM
6.51059E+14,11/5/2005,651,587,86,TEAM
6.7105E+14,11/5/2005,671,497,123,TEAM
6.74066E+14,11/5/2005,674,657,14,TEAM
6.90075E+14,11/5/2005,690,746,137,TEAM
6.94051E+14,11/5/2005,694,513,49,TEAM
6.9707E+14,11/5/2005,697,700,129,TEAM
7.03005E+14,11/5/2005,703,51,132,TEAM
7.18073E+14,11/5/2005,718,726,62,TEAM
7.1907E+14,11/5/2005,719,704,124,TEAM
7.25072E+14,11/5/2005,725,721,21,TEAM
7.36024E+14,11/5/2005,736,235,27,TEAM
7.49026E+14,11/5/2005,749,255,37,TEAM
7.7402E+14,11/5/2005,774,204,67,NEUTRAL
7.96054E+14,11/5/2005,796,539,111,TEAM
8.11073E+14,11/5/2005,811,732,135,TEAM
6.64039E+14,11/8/2005,664,388,142,TEAM
7.68014E+14,11/9/2005,768,140,97,TEAM
6.60096E+13,11/10/2005,66,96,13,TEAM
5.87037E+14,11/11/2005,587,367,54,TEAM
2.8011E+13,11/12/2005,28,110,15,TEAM
3.10433E+13,11/12/2005,31,433,76,TEAM
3.70257E+13,11/12/2005,37,257,36,TEAM
4.70204E+13,11/12/2005,47,204,71,TEAM
5.10434E+13,11/12/2005,51,434,73,TEAM
7.70811E+13,11/12/2005,77,811,144,TEAM
8.60331E+13,11/12/2005,86,331,100,TEAM
1.28001E+14,11/12/2005,128,9,2,TEAM
1.29077E+14,11/12/2005,129,774,69,TEAM
1.57031E+14,11/12/2005,157,311,40,TEAM
1.64055E+14,11/12/2005,164,545,110,TEAM
1.96072E+14,11/12/2005,196,719,105,TEAM
2.31067E+14,11/12/2005,231,671,56,TEAM
2.34015E+14,11/12/2005,234,147,112,TEAM
2.35065E+14,11/12/2005,235,648,113,TEAM
2.55075E+14,11/12/2005,255,746,137,TEAM
3.01056E+14,11/12/2005,301,559,50,TEAM
3.06042E+14,11/12/2005,306,418,66,TEAM
3.1208E+14,11/12/2005,312,796,141,TEAM
3.27046E+14,11/12/2005,327,463,84,TEAM
3.2807E+14,11/12/2005,328,703,119,TEAM
3.34074E+14,11/12/2005,334,736,117,TEAM
3.65001E+14,11/12/2005,365,8,5,TEAM
3.6603E+14,11/12/2005,366,295,43,TEAM
3.92046E+14,11/12/2005,392,457,78,TEAM
4.00073E+14,11/12/2005,400,725,93,TEAM
4.04069E+14,11/12/2005,404,694,114,TEAM
4.15075E+14,11/12/2005,415,749,83,TEAM
4.16043E+14,11/12/2005,416,428,72,TEAM
4.6507E+14,11/12/2005,465,698,125,TEAM
4.66047E+14,11/12/2005,466,472,88,TEAM
4.73073E+14,11/12/2005,473,732,135,TEAM
4.90007E+14,11/12/2005,490,67,61,TEAM
4.97023E+14,11/12/2005,497,229,26,TEAM
4.98042E+14,11/12/2005,498,419,116,TEAM
5.09052E+14,11/12/2005,509,518,99,TEAM
5.29075E+14,11/12/2005,529,754,138,TEAM
6.26016E+14,11/12/2005,626,156,23,TEAM
6.51069E+14,11/12/2005,651,688,92,TEAM
6.57011E+14,11/12/2005,657,107,12,TEAM
6.74053E+14,11/12/2005,674,528,107,TEAM
6.97052E+14,11/12/2005,697,522,103,TEAM
6.9907E+14,11/12/2005,699,704,124,TEAM
7.00052E+14,11/12/2005,700,521,104,TEAM
7.16003E+14,11/12/2005,716,30,7,TEAM
7.18057E+14,11/12/2005,718,574,127,TEAM
7.26051E+14,11/12/2005,726,513,49,TEAM
7.31028E+14,11/12/2005,731,277,39,TEAM
7.56003E+14,11/12/2005,756,29,11,TEAM
6.64029E+14,11/13/2005,664,288,126,TEAM
7.10414E+13,11/15/2005,71,414,101,TEAM
5.19001E+14,11/15/2005,519,5,94,TEAM
5.03071E+14,11/16/2005,503,709,102,TEAM
8.00372E+12,11/19/2005,8,37,1,TEAM
9.07042E+12,11/19/2005,9,704,124,TEAM
3.00725E+13,11/19/2005,30,725,93,TEAM
6.70392E+13,11/19/2005,67,392,64,TEAM
9.60657E+13,11/19/2005,96,657,14,TEAM
1.07067E+14,11/19/2005,107,674,19,TEAM
1.28057E+14,11/19/2005,128,574,127,TEAM
1.29005E+14,11/19/2005,129,47,48,TEAM
1.40065E+14,11/19/2005,140,651,35,TEAM
1.47065E+14,11/19/2005,147,648,113,TEAM
1.56047E+14,11/19/2005,156,465,89,TEAM
1.93046E+14,11/19/2005,193,457,78,TEAM
1.96039E+14,11/19/2005,196,388,142,TEAM
2.04009E+14,11/19/2005,204,86,91,TEAM
2.55042E+14,11/19/2005,255,415,29,TEAM
2.95007E+14,11/19/2005,295,66,42,TEAM
3.34026E+14,11/19/2005,334,257,36,TEAM
3.65043E+14,11/19/2005,365,433,76,TEAM
4.04066E+14,11/19/2005,404,664,75,TEAM
4.19049E+14,11/19/2005,419,490,82,TEAM
4.28031E+14,11/19/2005,428,312,41,TEAM
4.30003E+14,11/19/2005,430,31,8,TEAM
4.34033E+14,11/19/2005,434,327,52,TEAM
4.66073E+14,11/19/2005,466,731,133,TEAM
4.72063E+14,11/19/2005,472,630,18,TEAM
4.9805E+14,11/19/2005,498,497,123,TEAM
5.0903E+14,11/19/2005,509,301,44,TEAM
5.18042E+14,11/19/2005,518,418,66,TEAM
5.21005E+14,11/19/2005,521,51,132,TEAM
5.2207E+14,11/19/2005,522,700,129,TEAM
5.28053E+14,11/19/2005,528,529,108,TEAM
5.39042E+14,11/19/2005,539,416,68,TEAM
5.59031E+14,11/19/2005,559,306,47,TEAM
6.63029E+14,11/19/2005,663,288,126,TEAM
6.88051E+14,11/19/2005,688,513,49,TEAM
6.90073E+14,11/19/2005,690,726,62,TEAM
7.19072E+14,11/19/2005,719,718,57,TEAM
7.21047E+14,11/19/2005,721,473,87,TEAM
7.32008E+14,11/19/2005,732,77,134,TEAM
7.36069E+14,11/19/2005,736,694,114,TEAM
7.42075E+14,11/19/2005,742,746,137,TEAM
7.54076E+14,11/19/2005,754,756,139,TEAM
7.72023E+14,11/19/2005,772,231,31,TEAM
8.11063E+14,11/19/2005,811,626,16,TEAM
4.14052E+14,11/21/2005,414,519,95,TEAM
7.09007E+14,11/22/2005,709,71,96,TEAM
7.7405E+14,11/23/2005,774,503,45,TEAM
3.31001E+14,11/24/2005,331,5,94,TEAM
5.45077E+14,11/24/2005,545,768,143,TEAM
2.90028E+13,11/25/2005,29,28,10,TEAM
3.10365E+13,11/25/2005,31,365,55,TEAM
4.63016E+14,11/25/2005,463,157,20,TEAM
7.0307E+14,11/25/2005,703,697,120,TEAM
7.96028E+14,11/25/2005,796,277,39,TEAM
9.01962E+12,11/26/2005,9,196,81,TEAM
3.00497E+13,11/26/2005,30,497,123,TEAM
6.60366E+13,11/26/2005,66,366,59,TEAM
9.60466E+13,11/26/2005,96,466,90,TEAM
1.40059E+14,11/26/2005,140,587,86,TEAM
2.29023E+14,11/26/2005,229,231,31,TEAM
2.34024E+14,11/26/2005,234,235,27,TEAM
2.57026E+14,11/26/2005,257,255,37,TEAM
2.95063E+14,11/26/2005,295,630,18,TEAM
3.11033E+14,11/26/2005,311,328,51,TEAM
3.8804E+14,11/26/2005,388,404,115,TEAM
3.92049E+14,11/26/2005,392,490,82,TEAM
4.19072E+14,11/26/2005,419,716,4,TEAM
4.33043E+14,11/26/2005,433,430,77,TEAM
4.57074E+14,11/26/2005,457,742,136,TEAM
5.13067E+14,11/26/2005,513,674,19,TEAM
5.21052E+14,11/26/2005,521,522,103,TEAM
5.74029E+14,11/26/2005,574,288,126,TEAM
6.51016E+14,11/26/2005,651,164,25,TEAM
6.7105E+14,11/26/2005,671,498,57,TEAM
6.88037E+14,11/26/2005,688,367,54,TEAM
6.94033E+14,11/26/2005,694,334,53,TEAM
7.04066E+14,11/26/2005,704,663,122,TEAM
7.18066E+14,11/26/2005,718,664,75,TEAM
7.31047E+14,11/26/2005,731,472,88,TEAM
7.46042E+14,11/26/2005,746,415,29,TEAM
5.05032E+12,12/1/2005,5,503,67,NEUTRAL
3.6601E+14,12/2/2005,366,96,13,TEAM
1.10066E+14,12/3/2005,110,657,14,TEAM
2.57037E+14,12/3/2005,257,365,38,NEUTRAL
3.67016E+14,12/3/2005,367,164,25,TEAM
4.19023E+14,12/3/2005,419,231,31,TEAM
6.26028E+14,12/3/2005,626,277,39,TEAM
7.03016E+14,12/3/2005,703,157,128,NEUTRAL
7.19013E+14,12/3/2005,719,128,32,TEAM
7.26073E+14,12/3/2005,726,725,109,NEUTRAL
7.42023E+14,12/3/2005,742,234,28,NEUTRAL
7.68065E+14,12/3/2005,768,651,35,TEAM
6.64003E+14,12/20/2005,664,30,56,NEUTRAL
7.0907E+14,12/21/2005,709,704,3,NEUTRAL
7.70107E+13,12/22/2005,77,107,89,NEUTRAL
1.56073E+14,12/22/2005,156,726,16,NEUTRAL
3.28029E+14,12/23/2005,328,288,125,NEUTRAL
4.66013E+14,12/24/2005,466,128,39,NEUTRAL
4.04001E+14,12/26/2005,404,5,67,NEUTRAL
2.80587E+13,12/27/2005,28,587,9,NEUTRAL
1.47016E+14,12/27/2005,147,157,32,NEUTRAL
6.60067E+13,12/28/2005,66,67,42,NEUTRAL
4.18046E+14,12/28/2005,418,463,130,NEUTRAL
2.55073E+14,12/29/2005,255,732,17,NEUTRAL
5.29052E+14,12/29/2005,529,522,16,NEUTRAL
4.15037E+14,12/30/2005,415,365,38,NEUTRAL
4.28075E+14,12/30/2005,428,746,118,NEUTRAL
5.09011E+14,12/30/2005,509,110,124,NEUTRAL
6.48043E+14,12/30/2005,648,434,60,NEUTRAL
9.60719E+13,12/31/2005,96,719,115,NEUTRAL
6.51049E+14,12/31/2005,651,490,79,NEUTRAL
6.98031E+14,12/31/2005,698,311,128,NEUTRAL
3.12024E+14,1/2/2006,312,235,35,NEUTRAL
3.67074E+14,1/2/2006,367,742,28,NEUTRAL
5.18051E+14,1/2/2006,518,513,10,NEUTRAL
7.00001E+14,1/2/2006,700,8,121,NEUTRAL
7.68026E+14,1/2/2006,768,257,38,NEUTRAL
7.96004E+14,1/2/2006,796,37,32,NEUTRAL
5.39023E+14,1/3/2006,539,234,30,NEUTRAL
7.03066E+14,1/4/2006,703,657,15,NEUTRAL
